idx,pieces,band,label_wdl,arb_score_raw,tb_verdict
0,5,0,-1,50,
1,8,0,0,150,
2,5,0,1,29985,
3,10,0,0,-56,
4,8,0,-1,-29996,
5,4,0,-1,-53,
6,7,0,-1,-29992,
7,6,0,-1,-29992,
8,10,0,1,29993,
9,12,0,-1,-303,
10,11,0,1,54,
11,8,0,0,1,
12,10,0,-1,-311,
13,3,0,0,-35,
14,10,0,1,29993,
15,7,0,0,8,
16,6,0,-1,2,
17,6,0,-1,-82,
18,5,0,0,0,
19,9,0,-1,-90,
20,4,0,1,53,
21,5,0,-1,66,
22,5,0,-1,188,
23,5,0,1,180,
24,5,0,-1,-29994,
25,4,0,0,105,
26,11,0,-1,102,
27,4,0,0,88,
28,4,0,-1,-86,
29,5,0,-1,-144,
30,7,0,-1,-29994,
31,11,0,1,311,
32,8,0,1,29991,
33,6,0,-1,-149,
34,7,0,1,103,
35,7,0,1,29991,
36,4,0,0,-102,
37,4,0,0,-92,
38,8,0,0,151,
39,12,0,-1,-399,
40,11,0,-1,-29988,
41,11,0,-1,-227,
42,11,0,-1,-141,
43,5,0,-1,-29990,
44,9,0,-1,-29992,
45,3,0,-1,-29998,
46,4,0,0,3,
47,9,0,-1,-219,
48,4,0,0,0,
49,10,0,1,137,
50,3,0,0,0,
51,4,0,1,29997,
52,5,0,0,-43,
53,12,0,1,122,
54,6,0,-1,-140,
55,7,0,1,113,
56,4,0,-1,-96,
57,10,0,0,72,
58,4,0,0,58,
59,6,0,-1,-29994,
60,10,0,-1,-29990,
61,4,0,0,-102,
62,5,0,0,80,
63,9,0,-1,-61,
64,8,0,1,195,
65,4,0,1,86,
66,8,0,-1,-250,
67,3,0,0,-16,
68,5,0,1,121,
69,10,0,0,120,
70,4,0,0,101,
71,5,0,0,-169,
72,10,0,1,247,
73,5,0,-1,-183,
74,6,0,-1,-185,
75,4,0,0,86,
76,4,0,1,-78,
77,3,0,0,7,
78,4,0,0,0,
79,11,0,-1,-558,
80,3,0,0,20,
81,9,0,1,29989,
82,7,0,-1,-29996,
83,5,0,1,29995,
84,8,0,-1,30,
85,10,0,0,-58,
86,5,0,-1,-29996,
87,6,0,1,29993,
88,4,0,1,86,
89,5,0,0,-46,
90,5,0,0,114,
91,3,0,0,-18,
92,6,0,0,-5,
93,9,0,-1,-29992,
94,4,0,-1,-80,
95,9,0,1,203,
96,12,0,0,-56,
97,4,0,0,0,
98,9,0,-1,-29996,
99,10,0,1,35,
100,12,0,1,29989,
101,11,0,-1,-86,
102,11,0,0,180,
103,8,0,1,-70,
104,4,0,0,-97,
105,9,0,1,-83,
106,3,0,0,-11,
107,12,0,-1,-117,
108,10,0,0,-4,
109,6,0,-1,-147,
110,4,0,-1,-67,
111,4,0,0,-82,
112,6,0,-1,-89,
113,4,0,0,-93,
114,12,0,0,-67,
115,7,0,-1,-16,
116,8,0,-1,-29990,
117,7,0,1,29987,
118,11,0,1,365,
119,11,0,1,29991,
120,5,0,-1,-29998,
121,10,0,-1,-344,
122,12,0,1,0,
123,3,0,0,10,
124,4,0,0,-58,
125,3,0,0,-28,
126,8,0,0,-14,
127,6,0,0,29981,
128,10,0,1,29997,
129,12,0,-1,-102,
130,4,0,1,24,
131,7,0,0,-41,
132,3,0,0,0,
133,12,0,1,394,
134,12,0,1,132,
135,7,0,1,-72,
136,12,0,-1,-29990,
137,5,0,-1,-112,
138,12,0,0,-201,
139,10,0,-1,-186,
140,12,0,-1,-210,
141,11,0,-1,-59,
142,7,0,-1,-29996,
143,8,0,1,148,
144,6,0,0,-152,
145,12,0,-1,-380,
146,4,0,0,0,
147,11,0,-1,-326,
148,7,0,1,29989,
149,11,0,-1,-254,
150,4,0,0,-68,
151,12,0,1,213,
152,8,0,-1,-29990,
153,12,0,1,479,
154,8,0,-1,-29994,
155,12,0,-1,-71,
156,5,0,0,-115,
157,5,0,-1,-174,
158,3,0,0,17,
159,11,0,1,76,
160,8,0,-1,-29998,
161,4,0,0,-74,
162,7,0,-1,-285,
163,4,0,0,-95,
164,8,0,0,-17,
165,7,0,-1,113,
166,4,0,-1,-57,
167,5,0,1,29989,
168,5,0,-1,-176,
169,4,0,1,88,
170,3,0,0,18,
171,4,0,0,84,
172,3,0,0,0,
173,4,0,0,-72,
174,3,0,1,46,
175,10,0,1,23,
176,9,0,0,-91,
177,4,0,0,0,
178,6,0,1,29993,
179,9,0,1,29987,
180,8,0,-1,-29992,
181,3,0,0,-18,
182,4,0,0,0,
183,10,0,-1,-29998,
184,4,0,0,-99,
185,10,0,-1,-29994,
186,8,0,0,103,
187,5,0,0,107,
188,11,0,-1,-29988,
189,3,0,0,0,
190,10,0,-1,-29990,
191,4,0,0,66,
192,11,0,-1,-457,
193,8,0,0,29,
194,7,0,-1,-126,
195,5,0,0,59,
196,4,0,1,95,
197,6,0,-1,-29998,
198,9,0,-1,-168,
199,12,0,0,-42,
200,11,0,1,29989,
201,4,0,0,65,
202,5,0,1,129,
203,10,0,-1,-272,
204,8,0,1,222,
205,4,0,1,77,
206,7,0,0,18,
207,4,0,1,0,
208,8,0,-1,-29998,
209,3,0,0,36,
210,6,0,1,141,
211,5,0,-1,-50,
212,7,0,1,29995,
213,3,0,0,-17,
214,11,0,1,379,
215,12,0,-1,-3,
216,9,0,1,276,
217,7,0,1,-44,
218,7,0,1,163,
219,5,0,1,44,
220,12,0,0,-73,
221,12,0,1,327,
222,9,0,-1,-97,
223,3,0,0,12,
224,5,0,-1,-149,
225,2,0,-1,-29998,
226,10,0,-1,-3,
227,8,0,-1,-29994,
228,12,0,0,-198,
229,6,0,1,29991,
230,9,0,-1,-29992,
231,4,0,0,102,
232,11,0,1,395,
233,5,0,1,29997,
234,10,0,1,383,
235,4,0,0,94,
236,9,0,-1,-193,
237,10,0,1,334,
238,6,0,-1,-29990,
239,8,0,0,60,
240,3,0,0,-45,
241,9,0,1,29991,
242,10,0,-1,-65,
243,7,0,0,134,
244,5,0,1,139,
245,4,0,0,77,
246,8,0,1,29989,
247,6,0,0,53,
248,10,0,1,29987,
249,9,0,0,133,
250,4,0,0,-106,
251,4,0,-1,-29996,
252,8,0,-1,-21,
253,4,0,0,-106,
254,11,0,-1,-397,
255,4,0,0,-95,
256,12,0,-1,-29998,
257,9,0,0,93,
258,4,0,0,-87,
259,12,0,-1,-449,
260,7,0,0,-175,
261,12,0,-1,-135,
262,8,0,-1,-61,
263,12,0,-1,5,
264,8,0,-1,-69,
265,10,0,-1,-14,
266,5,0,0,-35,
267,6,0,1,92,
268,4,0,0,-80,
269,7,0,-1,-29988,
270,4,0,0,36,
271,3,0,0,30,
272,10,0,-1,-29996,
273,8,0,0,-60,
274,9,0,-1,-29988,
275,10,0,-1,-236,
276,5,0,0,0,
277,9,0,1,29989,
278,4,0,1,29997,
279,4,0,0,42,
280,3,0,0,18,
281,12,0,-1,-237,
282,5,0,-1,-19,
283,12,0,-1,-27,
284,7,0,0,-77,
285,7,0,0,-18,
286,5,0,1,29997,
287,2,0,0,0,
288,10,0,0,-98,
289,9,0,1,225,
290,6,0,0,93,
291,5,0,-1,-29,
292,5,0,1,153,
293,10,0,1,230,
294,11,0,1,372,
295,6,0,-1,-29988,
296,11,0,1,246,
297,8,0,1,179,
298,4,0,0,87,
299,6,0,-1,-63,
300,6,0,0,-12,
301,3,0,0,9,
302,6,0,0,-88,
303,12,0,1,65,
304,9,0,-1,-29992,
305,4,0,0,-102,
306,4,0,0,0,
307,9,0,-1,-87,
308,5,0,-1,-95,
309,6,0,0,112,
310,4,0,1,77,
311,4,0,-1,-29990,
312,5,0,1,29993,
313,4,0,0,-49,
314,9,0,0,-122,
315,11,0,1,172,
316,11,0,-1,-280,
317,10,0,-1,-29990,
318,5,0,-1,-29992,
319,4,0,0,53,
320,5,0,0,-59,
321,6,0,1,203,
322,4,0,0,-87,
323,11,0,1,29993,
324,11,0,-1,-463,
325,8,0,1,29993,
326,4,0,0,96,
327,5,0,0,0,
328,11,0,1,29987,
329,9,0,1,110,
330,11,0,1,170,
331,12,0,1,134,
332,9,0,-1,-29990,
333,7,0,0,63,
334,5,0,0,-23,
335,3,0,0,-16,
336,9,0,-1,132,
337,6,0,-1,-44,
338,4,0,1,78,
339,8,0,-1,-40,
340,7,0,1,29997,
341,8,0,-1,-89,
342,8,0,-1,-29992,
343,5,0,1,146,
344,5,0,-1,-152,
345,6,0,0,-75,
346,8,0,1,29991,
347,9,0,1,29995,
348,7,0,1,-30,
349,6,0,-1,-29998,
350,8,0,0,-64,
351,3,0,0,0,
352,3,0,0,-16,
353,10,0,-1,-29998,
354,7,0,0,0,
355,8,0,-1,-29998,
356,11,0,0,-37,
357,3,0,0,-22,
358,11,0,1,151,
359,9,0,-1,-104,
360,11,0,0,78,
361,7,0,0,-84,
362,10,0,0,-5,
363,4,0,-1,-29998,
364,12,0,1,119,
365,8,0,-1,-83,
366,6,0,0,33,
367,5,0,1,196,
368,6,0,0,-87,
369,12,0,-1,-29988,
370,6,0,-1,-29998,
371,6,0,-1,-29998,
372,3,0,0,0,
373,4,0,0,115,
374,7,0,0,-54,
375,7,0,1,239,
376,7,0,-1,-29994,
377,4,0,-1,-67,
378,9,0,-1,-29996,
379,5,0,1,69,
380,9,0,-1,-200,
381,12,0,-1,-412,
382,11,0,0,-28,
383,12,0,0,129,
384,9,0,-1,-159,
385,9,0,1,29989,
386,5,0,-1,-104,
387,7,0,-1,-29990,
388,9,0,0,58,
389,3,0,0,-30,
390,4,0,0,65,
391,9,0,-1,-102,
392,8,0,-1,-29998,
393,4,0,1,78,
394,12,0,0,0,
395,11,0,1,224,
396,11,0,1,29993,
397,5,0,-1,-150,
398,4,0,1,76,
399,4,0,0,-113,
400,14,1,1,240,
401,20,1,-1,114,
402,15,1,-1,-47,
403,20,1,-1,144,
404,20,1,1,112,
405,18,1,-1,-39,
406,16,1,-1,-123,
407,16,1,-1,-264,
408,18,1,1,7,
409,17,1,1,264,
410,16,1,1,17,
411,19,1,1,159,
412,16,1,1,163,
413,14,1,0,-4,
414,20,1,1,122,
415,14,1,0,-23,
416,13,1,1,56,
417,17,1,1,265,
418,16,1,-1,-6,
419,16,1,-1,-130,
420,16,1,-1,-23,
421,18,1,0,120,
422,13,1,1,70,
423,19,1,1,154,
424,15,1,-1,-122,
425,13,1,-1,-58,
426,20,1,-1,95,
427,14,1,1,262,
428,18,1,0,-14,
429,20,1,-1,5,
430,20,1,1,204,
431,14,1,1,270,
432,16,1,-1,-1,
433,16,1,-1,-102,
434,18,1,1,14,
435,17,1,0,0,
436,14,1,-1,-130,
437,16,1,-1,-117,
438,18,1,0,8,
439,19,1,1,36,
440,17,1,1,56,
441,19,1,-1,-52,
442,19,1,-1,-47,
443,17,1,-1,-375,
444,15,1,1,89,
445,17,1,-1,-71,
446,16,1,1,4,
447,17,1,1,337,
448,14,1,-1,-53,
449,16,1,-1,168,
450,13,1,-1,-57,
451,16,1,1,125,
452,18,1,-1,-105,
453,17,1,1,98,
454,14,1,-1,-1,
455,18,1,1,227,
456,15,1,1,188,
457,14,1,-1,-283,
458,15,1,-1,-62,
459,18,1,1,8,
460,15,1,-1,61,
461,16,1,-1,-309,
462,14,1,1,133,
463,20,1,-1,-5,
464,20,1,1,189,
465,20,1,1,99,
466,15,1,-1,-71,
467,14,1,-1,-118,
468,19,1,1,51,
469,16,1,-1,-104,
470,18,1,1,221,
471,18,1,1,277,
472,17,1,-1,-171,
473,17,1,-1,-66,
474,17,1,1,173,
475,15,1,-1,-374,
476,20,1,1,-98,
477,20,1,0,107,
478,19,1,1,-79,
479,20,1,0,4,
480,14,1,1,3,
481,17,1,-1,-66,
482,18,1,1,547,
483,16,1,-1,-147,
484,14,1,-1,-390,
485,17,1,1,98,
486,17,1,0,59,
487,17,1,1,52,
488,18,1,1,252,
489,15,1,1,95,
490,19,1,1,166,
491,13,1,-1,-143,
492,16,1,1,142,
493,18,1,0,0,
494,17,1,0,78,
495,15,1,0,-56,
496,17,1,-1,113,
497,14,1,1,29987,
498,16,1,-1,-251,
499,16,1,-1,-426,
500,15,1,-1,-37,
501,20,1,1,104,
502,15,1,1,91,
503,14,1,-1,-75,
504,13,1,-1,-29994,
505,20,1,1,115,
506,18,1,-1,-187,
507,15,1,-1,-65,
508,16,1,-1,0,
509,14,1,0,-122,
510,14,1,0,-125,
511,17,1,-1,-59,
512,13,1,1,29993,
513,15,1,0,-123,
514,15,1,1,320,
515,15,1,1,-56,
516,15,1,-1,-49,
517,15,1,0,60,
518,16,1,0,-6,
519,19,1,1,153,
520,17,1,1,53,
521,14,1,-1,-213,
522,16,1,1,309,
523,16,1,1,121,
524,13,1,-1,-79,
525,19,1,1,42,
526,18,1,-1,-106,
527,16,1,1,124,
528,16,1,1,358,
529,16,1,0,-15,
530,17,1,1,161,
531,15,1,1,173,
532,15,1,1,476,
533,14,1,-1,-195,
534,19,1,1,455,
535,13,1,1,336,
536,15,1,1,180,
537,15,1,0,83,
538,14,1,-1,10,
539,14,1,1,182,
540,13,1,1,73,
541,17,1,1,169,
542,17,1,0,55,
543,19,1,0,65,
544,13,1,-1,-72,
545,15,1,1,473,
546,19,1,0,215,
547,13,1,0,-64,
548,19,1,0,-92,
549,16,1,-1,-234,
550,17,1,-1,-48,
551,19,1,-1,-168,
552,13,1,-1,59,
553,17,1,-1,55,
554,15,1,-1,-189,
555,16,1,1,204,
556,16,1,0,-2,
557,15,1,-1,-164,
558,17,1,1,-33,
559,17,1,1,347,
560,16,1,0,4,
561,19,1,1,-146,
562,20,1,-1,-129,
563,13,1,-1,-29990,
564,17,1,-1,-186,
565,17,1,1,432,
566,14,1,-1,-139,
567,14,1,-1,-120,
568,19,1,1,45,
569,14,1,-1,-28,
570,14,1,-1,-277,
571,13,1,-1,-19,
572,14,1,-1,-393,
573,16,1,0,-99,
574,17,1,1,165,
575,17,1,0,68,
576,20,1,1,225,
577,16,1,1,14,
578,18,1,1,343,
579,18,1,1,232,
580,14,1,-1,13,
581,16,1,1,412,
582,16,1,1,161,
583,13,1,1,274,
584,13,1,1,66,
585,14,1,-1,-475,
586,18,1,-1,3,
587,14,1,-1,-495,
588,20,1,1,16,
589,18,1,0,-12,
590,20,1,0,-107,
591,19,1,1,174,
592,17,1,1,85,
593,17,1,1,115,
594,20,1,1,-16,
595,13,1,1,237,
596,18,1,-1,-109,
597,15,1,-1,-438,
598,17,1,0,45,
599,20,1,1,264,
600,14,1,0,139,
601,20,1,-1,-104,
602,17,1,-1,-64,
603,18,1,-1,-113,
604,17,1,-1,-163,
605,17,1,-1,-212,
606,17,1,0,-50,
607,17,1,1,60,
608,19,1,1,172,
609,18,1,0,7,
610,18,1,-1,-119,
611,16,1,-1,-123,
612,13,1,0,51,
613,17,1,1,-12,
614,13,1,-1,-50,
615,16,1,1,127,
616,16,1,1,138,
617,20,1,1,-10,
618,20,1,1,10,
619,19,1,1,69,
620,14,1,-1,-302,
621,17,1,0,-96,
622,20,1,-1,-6,
623,18,1,0,-7,
624,16,1,1,7,
625,14,1,-1,-421,
626,18,1,-1,-112,
627,13,1,1,304,
628,15,1,1,284,
629,19,1,1,54,
630,17,1,1,183,
631,14,1,-1,-126,
632,16,1,-1,-294,
633,17,1,-1,-60,
634,19,1,1,52,
635,16,1,-1,-112,
636,16,1,1,17,
637,14,1,-1,-392,
638,19,1,1,166,
639,20,1,-1,-29984,
640,13,1,0,-188,
641,20,1,-1,-101,
642,18,1,-1,-113,
643,16,1,-1,-1,
644,16,1,-1,-261,
645,18,1,-1,-1,
646,17,1,1,63,
647,19,1,1,47,
648,14,1,-1,-123,
649,15,1,-1,-494,
650,14,1,-1,-164,
651,15,1,-1,-195,
652,17,1,-1,-120,
653,16,1,1,2,
654,14,1,0,176,
655,17,1,-1,63,
656,14,1,-1,-261,
657,16,1,-1,-399,
658,14,1,1,-2,
659,19,1,-1,-154,
660,14,1,0,187,
661,20,1,1,5,
662,16,1,1,244,
663,16,1,1,140,
664,19,1,-1,-71,
665,20,1,-1,-100,
666,13,1,1,29995,
667,16,1,1,415,
668,20,1,1,482,
669,20,1,1,116,
670,14,1,-1,-229,
671,13,1,-1,-50,
672,15,1,1,298,
673,13,1,0,74,
674,16,1,0,-1,
675,15,1,-1,-144,
676,13,1,-1,-370,
677,17,1,-1,-440,
678,17,1,1,297,
679,14,1,-1,-129,
680,15,1,-1,-485,
681,18,1,-1,-709,
682,14,1,1,3,
683,17,1,1,86,
684,18,1,1,108,
685,17,1,0,-52,
686,19,1,1,53,
687,15,1,-1,-179,
688,20,1,0,-15,
689,14,1,1,45,
690,13,1,-1,-65,
691,18,1,-1,-365,
692,17,1,-1,-40,
693,16,1,0,126,
694,20,1,1,108,
695,17,1,0,39,
696,15,1,-1,-171,
697,16,1,-1,223,
698,20,1,1,-115,
699,18,1,0,1,
700,15,1,0,-1,
701,15,1,0,254,
702,17,1,0,-52,
703,13,1,-1,6,
704,13,1,-1,-73,
705,20,1,1,123,
706,19,1,-1,-166,
707,20,1,-1,-201,
708,16,1,0,2,
709,16,1,-1,51,
710,19,1,-1,57,
711,20,1,0,-10,
712,18,1,-1,-1,
713,18,1,1,12,
714,20,1,1,113,
715,18,1,1,117,
716,17,1,1,47,
717,19,1,-1,-52,
718,19,1,1,209,
719,14,1,-1,53,
720,15,1,-1,-359,
721,13,1,-1,-244,
722,14,1,1,150,
723,20,1,1,-6,
724,17,1,1,335,
725,14,1,-1,-297,
726,17,1,0,-49,
727,17,1,-1,-168,
728,16,1,-1,9,
729,15,1,1,-51,
730,18,1,0,-2,
731,16,1,-1,-53,
732,16,1,1,398,
733,16,1,1,5,
734,15,1,1,275,
735,13,1,-1,-68,
736,13,1,-1,-29990,
737,13,1,0,-34,
738,20,1,-1,-122,
739,13,1,-1,-29994,
740,16,1,1,112,
741,17,1,-1,-51,
742,19,1,1,54,
743,20,1,1,-3,
744,18,1,-1,13,
745,17,1,1,60,
746,14,1,-1,-196,
747,15,1,1,280,
748,14,1,-1,0,
749,17,1,1,63,
750,17,1,1,-107,
751,19,1,0,-41,
752,13,1,-1,-29992,
753,14,1,1,-13,
754,16,1,1,5,
755,16,1,1,60,
756,14,1,-1,7,
757,17,1,1,73,
758,13,1,-1,-135,
759,13,1,1,124,
760,18,1,1,-125,
761,17,1,0,47,
762,19,1,-1,-484,
763,14,1,0,1,
764,17,1,1,55,
765,15,1,-1,-162,
766,17,1,0,-16,
767,18,1,0,-113,
768,15,1,1,95,
769,15,1,0,56,
770,14,1,1,4,
771,18,1,1,506,
772,13,1,0,115,
773,19,1,-1,-54,
774,16,1,-1,0,
775,20,1,-1,-10,
776,14,1,-1,-562,
777,19,1,-1,-195,
778,17,1,-1,-159,
779,19,1,-1,-215,
780,15,1,0,18,
781,16,1,-1,-184,
782,19,1,1,80,
783,20,1,-1,-102,
784,16,1,1,169,
785,18,1,1,-11,
786,14,1,1,400,
787,18,1,1,269,
788,18,1,-1,-215,
789,18,1,1,454,
790,15,1,-1,-214,
791,20,1,1,97,
792,16,1,1,256,
793,15,1,0,68,
794,14,1,0,60,
795,15,1,0,-57,
796,15,1,1,191,
797,17,1,1,234,
798,13,1,1,24,
799,19,1,-1,-47,
800,22,2,-1,-104,
801,27,2,1,-42,
802,27,2,-1,43,
803,22,2,1,0,
804,21,2,1,-64,
805,25,2,-1,-49,
806,22,2,0,9,
807,21,2,0,-109,
808,26,2,-1,92,
809,23,2,1,-75,
810,28,2,-1,0,
811,21,2,0,-31,
812,22,2,0,-3,
813,21,2,0,11,
814,21,2,1,-47,
815,28,2,-1,-9,
816,22,2,1,101,
817,25,2,1,34,
818,24,2,1,0,
819,23,2,0,-54,
820,28,2,-1,0,
821,27,2,-1,-151,
822,25,2,-1,-146,
823,27,2,1,-27,
824,23,2,0,-57,
825,24,2,-1,-91,
826,27,2,1,-44,
827,25,2,-1,-188,
828,24,2,1,101,
829,22,2,1,11,
830,21,2,-1,-151,
831,22,2,1,535,
832,24,2,1,97,
833,22,2,1,-99,
834,28,2,-1,2,
835,26,2,-1,0,
836,23,2,1,53,
837,23,2,-1,-66,
838,22,2,1,111,
839,23,2,0,-57,
840,28,2,1,0,
841,22,2,1,269,
842,22,2,-1,-106,
843,27,2,-1,-42,
844,26,2,0,-1,
845,26,2,1,-92,
846,28,2,-1,-6,
847,21,2,0,-89,
848,21,2,0,129,
849,25,2,-1,-61,
850,26,2,1,199,
851,26,2,1,106,
852,24,2,1,-38,
853,28,2,-1,22,
854,28,2,0,0,
855,28,2,0,1,
856,23,2,1,-54,
857,24,2,0,-12,
858,22,2,1,-98,
859,26,2,1,-2,
860,27,2,0,-97,
861,24,2,-1,2,
862,24,2,-1,-93,
863,21,2,0,92,
864,28,2,1,93,
865,23,2,0,-55,
866,28,2,-1,-46,
867,26,2,-1,0,
868,28,2,1,95,
869,27,2,-1,-50,
870,23,2,-1,-53,
871,27,2,-1,16,
872,28,2,1,95,
873,26,2,1,-96,
874,25,2,-1,-103,
875,24,2,0,-9,
876,24,2,0,13,
877,26,2,1,203,
878,28,2,1,183,
879,22,2,0,7,
880,24,2,1,-1,
881,23,2,1,-40,
882,28,2,-1,1,
883,22,2,1,3,
884,27,2,1,47,
885,25,2,-1,-104,
886,26,2,0,0,
887,24,2,-1,0,
888,28,2,0,-86,
889,24,2,1,117,
890,24,2,-1,-18,
891,25,2,1,150,
892,23,2,0,116,
893,24,2,-1,42,
894,28,2,1,0,
895,26,2,1,149,
896,26,2,-1,-99,
897,28,2,0,-88,
898,24,2,0,-1,
899,25,2,0,50,
900,25,2,0,42,
901,24,2,0,3,
902,22,2,-1,-3,
903,24,2,-1,0,
904,28,2,0,-54,
905,22,2,-1,-9,
906,25,2,-1,-95,
907,28,2,-1,-21,
908,24,2,0,-1,
909,21,2,-1,51,
910,26,2,1,98,
911,22,2,1,9,
912,27,2,-1,-45,
913,21,2,-1,-330,
914,25,2,1,141,
915,24,2,1,-1,
916,24,2,-1,-88,
917,28,2,0,9,
918,21,2,1,58,
919,21,2,-1,-158,
920,25,2,-1,-146,
921,24,2,1,111,
922,28,2,-1,34,
923,26,2,1,298,
924,26,2,1,0,
925,27,2,-1,-49,
926,23,2,1,59,
927,24,2,1,-1,
928,21,2,1,50,
929,21,2,1,133,
930,24,2,1,19,
931,21,2,0,-44,
932,27,2,-1,-42,
933,28,2,1,91,
934,23,2,-1,-44,
935,26,2,-1,0,
936,22,2,-1,107,
937,25,2,1,97,
938,22,2,1,4,
939,21,2,-1,-137,
940,27,2,1,56,
941,24,2,-1,-11,
942,23,2,-1,-187,
943,23,2,-1,-152,
944,23,2,-1,47,
945,25,2,-1,-154,
946,25,2,-1,-44,
947,28,2,1,92,
948,27,2,-1,-94,
949,26,2,-1,-1,
950,25,2,-1,-35,
951,21,2,-1,-154,
952,27,2,-1,3,
953,26,2,-1,-96,
954,26,2,0,4,
955,26,2,1,-4,
956,26,2,-1,-166,
957,23,2,0,76,
958,21,2,-1,-347,
959,28,2,1,3,
960,23,2,0,-45,
961,26,2,1,0,
962,28,2,1,-86,
963,23,2,0,-42,
964,24,2,-1,-113,
965,21,2,-1,-98,
966,24,2,0,6,
967,25,2,-1,-101,
968,28,2,1,102,
969,21,2,1,49,
970,22,2,1,168,
971,22,2,1,40,
972,26,2,-1,-7,
973,26,2,1,94,
974,26,2,1,0,
975,28,2,-1,-124,
976,25,2,1,52,
977,26,2,1,-92,
978,21,2,-1,-56,
979,21,2,1,44,
980,28,2,-1,-2,
981,25,2,0,44,
982,26,2,1,-93,
983,25,2,1,155,
984,26,2,-1,-5,
985,28,2,-1,1,
986,24,2,1,0,
987,22,2,-1,-188,
988,26,2,1,90,
989,24,2,1,22,
990,28,2,1,-38,
991,24,2,1,98,
992,25,2,0,-49,
993,23,2,-1,-47,
994,26,2,-1,0,
995,27,2,1,53,
996,22,2,0,3,
997,28,2,1,2,
998,21,2,-1,-109,
999,22,2,-1,-193,
1000,24,2,1,1,
1001,23,2,-1,43,
1002,26,2,1,121,
1003,26,2,1,92,
1004,26,2,0,5,
1005,23,2,-1,51,
1006,23,2,-1,-47,
1007,26,2,0,14,
1008,27,2,1,-53,
1009,24,2,0,9,
1010,28,2,1,-180,
1011,21,2,0,21,
1012,24,2,-1,-93,
1013,26,2,-1,-89,
1014,23,2,-1,-43,
1015,21,2,-1,-87,
1016,21,2,0,-52,
1017,25,2,1,145,
1018,27,2,-1,53,
1019,24,2,-1,-303,
1020,28,2,-1,1,
1021,28,2,0,40,
1022,23,2,-1,155,
1023,23,2,1,74,
1024,28,2,0,7,
1025,23,2,-1,52,
1026,21,2,1,330,
1027,25,2,-1,-26,
1028,27,2,0,43,
1029,22,2,-1,52,
1030,28,2,-1,0,
1031,26,2,-1,-94,
1032,24,2,1,53,
1033,26,2,0,44,
1034,24,2,1,93,
1035,23,2,-1,-140,
1036,22,2,-1,-17,
1037,26,2,-1,-2,
1038,28,2,1,86,
1039,27,2,0,-53,
1040,25,2,0,39,
1041,24,2,-1,-97,
1042,21,2,0,-86,
1043,22,2,-1,-92,
1044,24,2,-1,-205,
1045,23,2,0,41,
1046,21,2,-1,-466,
1047,26,2,1,188,
1048,24,2,-1,4,
1049,22,2,1,154,
1050,27,2,0,-56,
1051,21,2,1,-33,
1052,24,2,-1,-98,
1053,28,2,0,1,
1054,23,2,-1,-58,
1055,21,2,1,169,
1056,24,2,1,105,
1057,26,2,0,-1,
1058,21,2,1,63,
1059,28,2,-1,-95,
1060,22,2,-1,-1,
1061,21,2,-1,42,
1062,22,2,1,103,
1063,28,2,-1,-2,
1064,21,2,-1,-57,
1065,21,2,-1,-50,
1066,28,2,1,93,
1067,27,2,1,48,
1068,23,2,1,47,
1069,21,2,-1,-45,
1070,24,2,1,97,
1071,23,2,1,49,
1072,22,2,0,9,
1073,22,2,0,-3,
1074,26,2,-1,-38,
1075,21,2,-1,-260,
1076,22,2,1,-7,
1077,22,2,-1,-207,
1078,26,2,1,0,
1079,23,2,1,-62,
1080,27,2,1,46,
1081,28,2,0,-88,
1082,27,2,-1,-48,
1083,28,2,-1,-87,
1084,28,2,1,-1,
1085,24,2,-1,-8,
1086,24,2,0,97,
1087,28,2,1,-3,
1088,25,2,-1,-96,
1089,24,2,-1,-103,
1090,28,2,1,-1,
1091,22,2,-1,-24,
1092,21,2,-1,-60,
1093,25,2,-1,-39,
1094,21,2,0,-50,
1095,21,2,-1,258,
1096,24,2,0,9,
1097,21,2,-1,45,
1098,23,2,1,167,
1099,25,2,0,-51,
1100,21,2,-1,-322,
1101,22,2,1,0,
1102,25,2,-1,50,
1103,23,2,0,-41,
1104,24,2,-1,8,
1105,27,2,-1,-50,
1106,21,2,-1,-171,
1107,26,2,-1,2,
1108,21,2,-1,-53,
1109,21,2,-1,43,
1110,24,2,1,5,
1111,28,2,-1,-2,
1112,27,2,-1,-45,
1113,24,2,1,-86,
1114,23,2,-1,44,
1115,23,2,-1,-211,
1116,26,2,1,-3,
1117,24,2,1,-5,
1118,27,2,1,135,
1119,26,2,1,-2,
1120,23,2,-1,-253,
1121,24,2,1,324,
1122,26,2,0,-3,
1123,26,2,0,-53,
1124,21,2,0,146,
1125,28,2,-1,0,
1126,24,2,-1,0,
1127,26,2,1,176,
1128,28,2,-1,-88,
1129,24,2,0,41,
1130,26,2,1,95,
1131,27,2,-1,-48,
1132,25,2,-1,-38,
1133,26,2,-1,-3,
1134,21,2,-1,-49,
1135,24,2,-1,3,
1136,28,2,1,0,
1137,21,2,-1,62,
1138,28,2,1,0,
1139,26,2,1,-3,
1140,26,2,-1,-97,
1141,21,2,1,57,
1142,24,2,1,101,
1143,23,2,0,-50,
1144,24,2,0,-2,
1145,28,2,0,-1,
1146,27,2,-1,-84,
1147,27,2,0,-43,
1148,21,2,-1,-185,
1149,22,2,-1,148,
1150,25,2,1,45,
1151,21,2,1,201,
1152,23,2,1,148,
1153,28,2,-1,-103,
1154,26,2,1,98,
1155,28,2,1,-88,
1156,21,2,-1,-56,
1157,26,2,1,-93,
1158,26,2,1,186,
1159,23,2,1,48,
1160,22,2,-1,-105,
1161,28,2,-1,-2,
1162,23,2,1,0,
1163,23,2,-1,-51,
1164,24,2,1,0,
1165,24,2,-1,0,
1166,25,2,-1,-45,
1167,23,2,0,-56,
1168,28,2,-1,0,
1169,23,2,-1,-90,
1170,28,2,1,39,
1171,26,2,1,100,
1172,21,2,-1,-36,
1173,23,2,-1,-49,
1174,23,2,-1,-54,
1175,23,2,1,285,
1176,26,2,-1,-107,
1177,28,2,0,0,
1178,26,2,1,202,
1179,25,2,0,49,
1180,23,2,0,-80,
1181,21,2,1,65,
1182,28,2,-1,6,
1183,25,2,1,68,
1184,27,2,1,50,
1185,25,2,0,44,
1186,23,2,1,155,
1187,21,2,1,45,
1188,28,2,1,90,
1189,22,2,0,-5,
1190,21,2,1,295,
1191,28,2,-1,5,
1192,22,2,0,34,
1193,28,2,-1,2,
1194,21,2,-1,-189,
1195,28,2,-1,3,
1196,24,2,-1,-161,
1197,25,2,-1,-22,
1198,26,2,1,5,
1199,22,2,0,53,
1200,38,3,1,8,
1201,32,3,1,8,
1202,30,3,1,133,
1203,32,3,0,-105,
1204,33,3,0,-74,
1205,34,3,-1,82,
1206,35,3,-1,-120,
1207,30,3,-1,0,
1208,34,3,-1,-3,
1209,31,3,1,-44,
1210,30,3,-1,-82,
1211,38,3,1,0,
1212,33,3,1,39,
1213,30,3,-1,-83,
1214,31,3,1,40,
1215,34,3,-1,-129,
1216,32,3,-1,2,
1217,30,3,1,27,
1218,32,3,-1,-39,
1219,33,3,1,40,
1220,29,3,1,134,
1221,35,3,1,47,
1222,30,3,1,92,
1223,34,3,-1,40,
1224,31,3,1,50,
1225,36,3,1,82,
1226,30,3,0,0,
1227,32,3,1,-4,
1228,32,3,1,3,
1229,30,3,1,109,
1230,31,3,-1,-45,
1231,33,3,-1,-34,
1232,32,3,1,91,
1233,32,3,-1,0,
1234,34,3,-1,88,
1235,36,3,1,-83,
1236,37,3,-1,-40,
1237,31,3,-1,-36,
1238,29,3,-1,0,
1239,30,3,-1,-87,
1240,33,3,1,81,
1241,29,3,1,43,
1242,34,3,1,89,
1243,29,3,-1,-46,
1244,30,3,1,0,
1245,30,3,-1,-88,
1246,29,3,1,-43,
1247,32,3,-1,-4,
1248,34,3,1,0,
1249,32,3,1,0,
1250,29,3,-1,-43,
1251,34,3,0,0,
1252,30,3,-1,1,
1253,38,3,1,79,
1254,34,3,-1,3,
1255,35,3,-1,-41,
1256,32,3,1,1,
1257,30,3,1,0,
1258,36,3,-1,0,
1259,29,3,1,132,
1260,32,3,-1,-1,
1261,34,3,-1,-83,
1262,34,3,1,90,
1263,32,3,0,3,
1264,36,3,1,-10,
1265,33,3,0,-105,
1266,32,3,1,1,
1267,34,3,-1,-75,
1268,31,3,-1,-140,
1269,36,3,-1,-77,
1270,31,3,-1,123,
1271,29,3,0,-44,
1272,34,3,-1,2,
1273,35,3,1,34,
1274,31,3,0,-44,
1275,38,3,0,4,
1276,34,3,-1,-73,
1277,34,3,-1,-78,
1278,31,3,-1,-42,
1279,33,3,-1,-124,
1280,32,3,-1,-9,
1281,32,3,0,2,
1282,36,3,0,-91,
1283,35,3,1,38,
1284,33,3,-1,45,
1285,33,3,1,33,
1286,34,3,0,-5,
1287,35,3,-1,1,
1288,30,3,-1,-85,
1289,29,3,1,42,
1290,32,3,1,0,
1291,34,3,1,1,
1292,32,3,0,6,
1293,38,3,-1,43,
1294,33,3,1,43,
1295,30,3,-1,-1,
1296,36,3,-1,-6,
1297,33,3,0,14,
1298,36,3,-1,-2,
1299,31,3,-1,-43,
1300,31,3,1,39,
1301,36,3,1,-3,
1302,32,3,-1,-84,
1303,37,3,1,126,
1304,30,3,1,-2,
1305,33,3,-1,37,
1306,33,3,-1,40,
1307,34,3,1,-3,
1308,29,3,1,45,
1309,32,3,1,-1,
1310,34,3,0,-6,
1311,29,3,0,46,
1312,38,3,1,0,
1313,29,3,0,43,
1314,38,3,0,35,
1315,34,3,0,0,
1316,29,3,-1,-46,
1317,35,3,1,124,
1318,38,3,0,1,
1319,32,3,1,84,
1320,31,3,-1,-45,
1321,31,3,1,186,
1322,32,3,1,-1,
1323,29,3,1,57,
1324,34,3,1,-5,
1325,35,3,1,-37,
1326,32,3,1,130,
1327,33,3,-1,-47,
1328,32,3,1,85,
1329,35,3,1,39,
1330,30,3,1,0,
1331,33,3,-1,-35,
1332,31,3,0,-48,
1333,29,3,0,-41,
1334,32,3,1,0,
1335,35,3,1,-35,
1336,36,3,1,79,
1337,30,3,1,86,
1338,31,3,-1,-40,
1339,35,3,-1,41,
1340,37,3,1,-40,
1341,30,3,-1,-3,
1342,36,3,-1,-80,
1343,33,3,1,35,
1344,35,3,1,-39,
1345,31,3,-1,-44,
1346,35,3,1,44,
1347,36,3,0,-2,
1348,34,3,-1,34,
1349,37,3,-1,43,
1350,31,3,-1,46,
1351,30,3,1,2,
1352,34,3,-1,4,
1353,30,3,0,1,
1354,29,3,1,133,
1355,34,3,-1,84,
1356,35,3,-1,-34,
1357,33,3,-1,-85,
1358,29,3,-1,-44,
1359,35,3,1,-42,
1360,32,3,-1,41,
1361,35,3,-1,-45,
1362,31,3,1,47,
1363,32,3,-1,83,
1364,30,3,-1,-2,
1365,31,3,1,42,
1366,29,3,-1,47,
1367,30,3,1,-1,
1368,31,3,1,140,
1369,39,3,1,37,
1370,30,3,-1,4,
1371,32,3,0,91,
1372,37,3,1,126,
1373,30,3,-1,-13,
1374,33,3,1,50,
1375,36,3,1,-2,
1376,30,3,1,0,
1377,34,3,1,-4,
1378,31,3,0,40,
1379,36,3,0,-6,
1380,31,3,1,-45,
1381,38,3,1,81,
1382,36,3,-1,-73,
1383,31,3,1,-43,
1384,35,3,-1,-123,
1385,30,3,1,86,
1386,34,3,-1,-79,
1387,31,3,1,128,
1388,34,3,-1,-2,
1389,34,3,1,6,
1390,34,3,-1,-3,
1391,34,3,1,-2,
1392,30,3,1,85,
1393,37,3,-1,-38,
1394,33,3,-1,-43,
1395,32,3,1,1,
1396,34,3,1,85,
1397,30,3,1,88,
1398,31,3,-1,-43,
1399,30,3,-1,-94,
1400,37,3,-1,-47,
1401,33,3,1,1,
1402,33,3,1,39,
1403,30,3,-1,-1,
1404,32,3,1,174,
1405,34,3,1,5,
1406,34,3,-1,2,
1407,36,3,0,-2,
1408,36,3,1,2,
1409,29,3,1,-40,
1410,32,3,1,55,
1411,31,3,1,-38,
1412,32,3,1,81,
1413,32,3,1,9,
1414,36,3,1,-3,
1415,29,3,1,90,
1416,30,3,0,0,
1417,34,3,-1,5,
1418,29,3,1,45,
1419,32,3,0,4,
1420,37,3,-1,-125,
1421,33,3,-1,41,
1422,30,3,1,0,
1423,30,3,0,90,
1424,36,3,-1,0,
1425,30,3,-1,-2,
1426,36,3,-1,-84,
1427,35,3,-1,-133,
1428,36,3,0,-3,
1429,34,3,1,-2,
1430,37,3,1,2,
1431,34,3,1,0,
1432,30,3,-1,3,
1433,31,3,1,42,
1434,31,3,1,49,
1435,34,3,1,2,
1436,30,3,1,83,
1437,35,3,0,-42,
1438,33,3,-1,42,
1439,33,3,1,44,
1440,31,3,-1,128,
1441,30,3,1,84,
1442,32,3,0,-88,
1443,31,3,-1,-37,
1444,38,3,0,0,
1445,37,3,-1,-45,
1446,31,3,0,6,
1447,32,3,-1,-175,
1448,31,3,0,34,
1449,30,3,-1,0,
1450,35,3,-1,-36,
1451,36,3,-1,9,
1452,33,3,1,45,
1453,37,3,-1,44,
1454,32,3,-1,-7,
1455,31,3,-1,-49,
1456,34,3,1,5,
1457,36,3,-1,10,
1458,32,3,1,0,
1459,38,3,1,8,
1460,31,3,1,127,
1461,34,3,-1,-88,
1462,36,3,1,85,
1463,32,3,0,2,
1464,32,3,1,82,
1465,36,3,-1,-11,
1466,36,3,-1,0,
1467,37,3,-1,-41,
1468,30,3,-1,1,
1469,32,3,-1,-87,
1470,37,3,0,-46,
1471,36,3,0,90,
1472,30,3,0,0,
1473,38,3,1,0,
1474,32,3,-1,2,
1475,32,3,-1,85,
1476,30,3,1,-4,
1477,33,3,1,41,
1478,29,3,1,47,
1479,30,3,-1,-87,
1480,32,3,0,87,
1481,34,3,-1,-81,
1482,31,3,0,-42,
1483,36,3,1,83,
1484,31,3,-1,47,
1485,31,3,-1,43,
1486,37,3,-1,-43,
1487,36,3,-1,6,
1488,37,3,1,118,
1489,32,3,-1,120,
1490,36,3,1,-38,
1491,32,3,-1,-5,
1492,29,3,0,44,
1493,34,3,1,2,
1494,34,3,-1,0,
1495,36,3,1,1,
1496,32,3,-1,7,
1497,32,3,0,7,
1498,36,3,1,-4,
1499,30,3,-1,1,
1500,37,3,-1,-42,
1501,35,3,-1,-40,
1502,34,3,-1,-10,
1503,30,3,-1,-4,
1504,29,3,-1,-161,
1505,32,3,-1,-82,
1506,32,3,1,4,
1507,33,3,1,42,
1508,36,3,1,-4,
1509,30,3,-1,-80,
1510,31,3,-1,-41,
1511,29,3,-1,-37,
1512,37,3,1,42,
1513,35,3,-1,-36,
1514,33,3,-1,-42,
1515,37,3,1,-41,
1516,37,3,1,40,
1517,30,3,-1,5,
1518,34,3,1,5,
1519,36,3,-1,9,
1520,30,3,-1,90,
1521,37,3,-1,-42,
1522,33,3,-1,-41,
1523,29,3,-1,-2,
1524,35,3,1,46,
1525,30,3,-1,-86,
1526,32,3,-1,-86,
1527,30,3,-1,-91,
1528,34,3,-1,0,
1529,36,3,-1,2,
1530,37,3,1,40,
1531,31,3,1,44,
1532,31,3,1,47,
1533,34,3,-1,1,
1534,30,3,1,0,
1535,31,3,-1,44,
1536,30,3,-1,4,
1537,30,3,-1,-170,
1538,31,3,1,46,
1539,33,3,1,47,
1540,34,3,1,1,
1541,36,3,1,77,
1542,34,3,-1,-77,
1543,34,3,1,5,
1544,29,3,-1,50,
1545,30,3,0,1,
1546,34,3,-1,-5,
1547,38,3,0,1,
1548,33,3,1,126,
1549,32,3,0,-4,
1550,30,3,-1,-3,
1551,32,3,1,-77,
1552,31,3,1,49,
1553,32,3,0,-89,
1554,31,3,1,46,
1555,34,3,-1,0,
1556,30,3,1,5,
1557,32,3,0,-1,
1558,30,3,1,90,
1559,33,3,1,123,
1560,33,3,1,-42,
1561,35,3,1,36,
1562,29,3,1,-130,
1563,38,3,1,2,
1564,30,3,-1,0,
1565,30,3,1,50,
1566,29,3,1,-2,
1567,34,3,-1,0,
1568,35,3,-1,-41,
1569,32,3,-1,83,
1570,29,3,-1,-43,
1571,29,3,-1,44,
1572,31,3,1,42,
1573,30,3,-1,0,
1574,29,3,0,-44,
1575,33,3,1,35,
1576,34,3,-1,0,
1577,32,3,-1,0,
1578,33,3,1,43,
1579,33,3,-1,-43,
1580,36,3,-1,1,
1581,29,3,-1,1,
1582,36,3,-1,4,
1583,37,3,-1,-42,
1584,34,3,-1,2,
1585,37,3,0,39,
1586,29,3,1,133,
1587,29,3,-1,110,
1588,34,3,1,2,
1589,36,3,0,7,
1590,30,3,0,-3,
1591,31,3,1,47,
1592,34,3,-1,-76,
1593,32,3,-1,3,
1594,34,3,-1,-86,
1595,34,3,0,6,
1596,30,3,-1,-89,
1597,31,3,-1,-45,
1598,31,3,-1,43,
1599,37,3,0,-43,
