opening	BREAKDOWN total_ms=2401 eval_ms=82 movegen_ms=720 apply_ms=103 accumulator_ms=0 tt_ms=358 zobrist_ms=78 movegen_capture_ms=190 movegen_quiet_ms=240 move_ordering_ms=120 path_check_ms=152 eval_pct=3 movegen_pct=30 apply_pct=4 accumulator_pct=0 tt_pct=14 zobrist_pct=3 movegen_capture_pct=7 movegen_quiet_pct=10 move_ordering_pct=5 path_check_pct=6
opening	BREAKDOWN total_ms=3001 eval_ms=124 movegen_ms=933 apply_ms=129 accumulator_ms=0 tt_ms=370 zobrist_ms=93 movegen_capture_ms=231 movegen_quiet_ms=319 move_ordering_ms=179 path_check_ms=188 eval_pct=4 movegen_pct=31 apply_pct=4 accumulator_pct=0 tt_pct=12 zobrist_pct=3 movegen_capture_pct=7 movegen_quiet_pct=10 move_ordering_pct=5 path_check_pct=6
opening	BREAKDOWN total_ms=3001 eval_ms=115 movegen_ms=975 apply_ms=130 accumulator_ms=0 tt_ms=378 zobrist_ms=101 movegen_capture_ms=281 movegen_quiet_ms=328 move_ordering_ms=133 path_check_ms=187 eval_pct=3 movegen_pct=32 apply_pct=4 accumulator_pct=0 tt_pct=12 zobrist_pct=3 movegen_capture_pct=9 movegen_quiet_pct=10 move_ordering_pct=4 path_check_pct=6
opening	BREAKDOWN total_ms=3000 eval_ms=105 movegen_ms=994 apply_ms=127 accumulator_ms=0 tt_ms=370 zobrist_ms=89 movegen_capture_ms=288 movegen_quiet_ms=319 move_ordering_ms=179 path_check_ms=183 eval_pct=3 movegen_pct=33 apply_pct=4 accumulator_pct=0 tt_pct=12 zobrist_pct=2 movegen_capture_pct=9 movegen_quiet_pct=10 move_ordering_pct=5 path_check_pct=6
opening	BREAKDOWN total_ms=1477 eval_ms=59 movegen_ms=445 apply_ms=65 accumulator_ms=0 tt_ms=191 zobrist_ms=48 movegen_capture_ms=113 movegen_quiet_ms=150 move_ordering_ms=84 path_check_ms=95 eval_pct=4 movegen_pct=30 apply_pct=4 accumulator_pct=0 tt_pct=12 zobrist_pct=3 movegen_capture_pct=7 movegen_quiet_pct=10 move_ordering_pct=5 path_check_pct=6
opening	BREAKDOWN total_ms=3001 eval_ms=117 movegen_ms=966 apply_ms=130 accumulator_ms=0 tt_ms=372 zobrist_ms=95 movegen_capture_ms=263 movegen_quiet_ms=325 move_ordering_ms=159 path_check_ms=185 eval_pct=3 movegen_pct=32 apply_pct=4 accumulator_pct=0 tt_pct=12 zobrist_pct=3 movegen_capture_pct=8 movegen_quiet_pct=10 move_ordering_pct=5 path_check_pct=6
midgame	BREAKDOWN total_ms=1580 eval_ms=49 movegen_ms=490 apply_ms=67 accumulator_ms=0 tt_ms=206 zobrist_ms=50 movegen_capture_ms=126 movegen_quiet_ms=158 move_ordering_ms=84 path_check_ms=104 eval_pct=3 movegen_pct=31 apply_pct=4 accumulator_pct=0 tt_pct=13 zobrist_pct=3 movegen_capture_pct=8 movegen_quiet_pct=10 move_ordering_pct=5 path_check_pct=6
midgame	BREAKDOWN total_ms=1603 eval_ms=51 movegen_ms=526 apply_ms=68 accumulator_ms=0 tt_ms=199 zobrist_ms=50 movegen_capture_ms=156 movegen_quiet_ms=166 move_ordering_ms=85 path_check_ms=102 eval_pct=3 movegen_pct=32 apply_pct=4 accumulator_pct=0 tt_pct=12 zobrist_pct=3 movegen_capture_pct=9 movegen_quiet_pct=10 move_ordering_pct=5 path_check_pct=6
midgame	BREAKDOWN total_ms=1641 eval_ms=48 movegen_ms=524 apply_ms=70 accumulator_ms=0 tt_ms=208 zobrist_ms=51 movegen_capture_ms=155 movegen_quiet_ms=158 move_ordering_ms=83 path_check_ms=108 eval_pct=2 movegen_pct=31 apply_pct=4 accumulator_pct=0 tt_pct=12 zobrist_pct=3 movegen_capture_pct=9 movegen_quiet_pct=9 move_ordering_pct=5 path_check_pct=6
midgame	BREAKDOWN total_ms=2758 eval_ms=73 movegen_ms=780 apply_ms=105 accumulator_ms=0 tt_ms=312 zobrist_ms=77 movegen_capture_ms=294 movegen_quiet_ms=326 move_ordering_ms=121 path_check_ms=162 eval_pct=2 movegen_pct=28 apply_pct=3 accumulator_pct=0 tt_pct=11 zobrist_pct=2 movegen_capture_pct=10 movegen_quiet_pct=11 move_ordering_pct=4 path_check_pct=5
midgame	BREAKDOWN total_ms=1748 eval_ms=56 movegen_ms=578 apply_ms=74 accumulator_ms=0 tt_ms=209 zobrist_ms=52 movegen_capture_ms=179 movegen_quiet_ms=184 move_ordering_ms=111 path_check_ms=109 eval_pct=3 movegen_pct=33 apply_pct=4 accumulator_pct=0 tt_pct=12 zobrist_pct=3 movegen_capture_pct=10 movegen_quiet_pct=10 move_ordering_pct=6 path_check_pct=6
midgame	BREAKDOWN total_ms=3000 eval_ms=97 movegen_ms=946 apply_ms=127 accumulator_ms=0 tt_ms=378 zobrist_ms=95 movegen_capture_ms=246 movegen_quiet_ms=319 move_ordering_ms=173 path_check_ms=194 eval_pct=3 movegen_pct=31 apply_pct=4 accumulator_pct=0 tt_pct=12 zobrist_pct=3 movegen_capture_pct=8 movegen_quiet_pct=10 move_ordering_pct=5 path_check_pct=6
endgame	BREAKDOWN total_ms=2479 eval_ms=72 movegen_ms=736 apply_ms=109 accumulator_ms=0 tt_ms=313 zobrist_ms=85 movegen_capture_ms=182 movegen_quiet_ms=235 move_ordering_ms=122 path_check_ms=174 eval_pct=2 movegen_pct=29 apply_pct=4 accumulator_pct=0 tt_pct=12 zobrist_pct=3 movegen_capture_pct=7 movegen_quiet_pct=9 move_ordering_pct=4 path_check_pct=7
endgame	BREAKDOWN total_ms=2330 eval_ms=39 movegen_ms=499 apply_ms=118 accumulator_ms=0 tt_ms=212 zobrist_ms=99 movegen_capture_ms=211 movegen_quiet_ms=272 move_ordering_ms=154 path_check_ms=156 eval_pct=1 movegen_pct=21 apply_pct=5 accumulator_pct=0 tt_pct=9 zobrist_pct=4 movegen_capture_pct=9 movegen_quiet_pct=11 move_ordering_pct=6 path_check_pct=6
endgame	BREAKDOWN total_ms=7561 eval_ms=35 movegen_ms=380 apply_ms=85 accumulator_ms=0 tt_ms=147 zobrist_ms=74 movegen_capture_ms=1470 movegen_quiet_ms=1647 move_ordering_ms=87 path_check_ms=106 eval_pct=0 movegen_pct=5 apply_pct=1 accumulator_pct=0 tt_pct=1 zobrist_pct=0 movegen_capture_pct=19 movegen_quiet_pct=21 move_ordering_pct=1 path_check_pct=1
endgame	BREAKDOWN total_ms=3000 eval_ms=71 movegen_ms=878 apply_ms=118 accumulator_ms=0 tt_ms=318 zobrist_ms=90 movegen_capture_ms=316 movegen_quiet_ms=397 move_ordering_ms=178 path_check_ms=170 eval_pct=2 movegen_pct=29 apply_pct=3 accumulator_pct=0 tt_pct=10 zobrist_pct=3 movegen_capture_pct=10 movegen_quiet_pct=13 move_ordering_pct=5 path_check_pct=5
endgame	BREAKDOWN total_ms=6947 eval_ms=22 movegen_ms=299 apply_ms=38 accumulator_ms=0 tt_ms=101 zobrist_ms=28 movegen_capture_ms=1464 movegen_quiet_ms=1545 move_ordering_ms=55 path_check_ms=54 eval_pct=0 movegen_pct=4 apply_pct=0 accumulator_pct=0 tt_pct=1 zobrist_pct=0 movegen_capture_pct=21 movegen_quiet_pct=22 move_ordering_pct=0 path_check_pct=0
endgame	BREAKDOWN total_ms=2165 eval_ms=49 movegen_ms=638 apply_ms=81 accumulator_ms=0 tt_ms=215 zobrist_ms=58 movegen_capture_ms=265 movegen_quiet_ms=300 move_ordering_ms=107 path_check_ms=113 eval_pct=2 movegen_pct=29 apply_pct=3 accumulator_pct=0 tt_pct=9 zobrist_pct=2 movegen_capture_pct=12 movegen_quiet_pct=13 move_ordering_pct=4 path_check_pct=5
